{"cameraMode":{"drawMode":0,"name":"Shaded","section":"Shading Mode"},"sceneLighting":true,"audioPlay":false,"sceneViewState":{"showFog":true,"showMaterialUpdate":false,"showSkybox":true,"showFlares":true,"showImageEffects":true,"showParticleSystems":true},"in2DMode":false,"pivot":{"x":0.7651339769363403,"y":0.37088659405708315,"z":7.844557762145996},"rotation":{"x":0.10748255997896195,"y":0.046705327928066257,"z":-0.005054634530097246,"w":0.9930983185768127},"size":4.807394981384277,"orthographic":false}