{"cameraMode":{"drawMode":0,"name":"Shaded","section":"Shading Mode"},"sceneLighting":true,"audioPlay":false,"sceneViewState":{"showFog":true,"showMaterialUpdate":false,"showSkybox":true,"showFlares":true,"showImageEffects":true,"showParticleSystems":true},"in2DMode":false,"pivot":{"x":-6.99862813949585,"y":-3.3281540870666506,"z":42.636444091796878},"rotation":{"x":0.06622540950775147,"y":-0.06411942094564438,"z":0.004249430727213621,"w":0.9957520365715027},"size":23.073810577392579,"orthographic":false}